ID,施設名,施設名フリガナ,施設種別,区・町名,住所,緯度,経度
1,東山配水場,ヒガシヤマハイスイジョウ,常設給水栓,名古屋市千種区,田代町四観音道西,35.17342437,136.9550014
2,東山公園,ヒガシヤマコウエン,仮設給水栓,名古屋市千種区,田代町瓶杁,35.16034888,136.9794238
3,千種公園,チクサコウエン,仮設給水栓,名古屋市千種区,若水一丁目,35.1760599,136.9429165
4,吹上公園,フキアゲコウエン,仮設給水栓,名古屋市千種区,吹上二丁目,35.15891612,136.9324817
5,平和公園応急給水センター,ヘイワコウエンオウキュウキュウスイセンター,常設給水栓,名古屋市千種区,平和公園一丁目,35.17860905,136.9767229
6,鍋屋上野浄水場,ナベヤウエノジョウスイジョウ,常設給水栓,名古屋市千種区,宮の腰町,35.18390559,136.9546402
7,星ヶ丘小学校,ホシガオカショウガッコウ,仮設給水栓,名古屋市千種区,星ヶ丘一丁目,35.1632175,136.9885874
8,千代田橋緑地,チヨダバシリョクチ,仮設給水栓,名古屋市千種区,千代田橋一丁目,35.18932484,136.9670359
9,自由ヶ丘（耐震性貯水槽）,ジユウガオカ,仮設給水栓,名古屋市千種区,自由ヶ丘一丁目,35.17438983,136.9631552
10,茶屋ヶ坂公園,チャヤガサカコウエン,仮設給水栓,名古屋市千種区,揚羽町１丁目,35.18244647,136.9641877
11,見付小学校,ミツケショウガッコウ,地下式給水栓,名古屋市千種区,見附町,35.16054282,136.9591053
12,千石小学校,センゴクショウガッコウ,地下式給水栓,名古屋市千種区,千種一丁目,35.16626454,136.9278147
13,高見小学校,タカミショウガッコウ,地下式給水栓,名古屋市千種区,高見一丁目,35.17227657,136.9482432
14,春岡小学校,ハルオカショウガッコウ,地下式給水栓,名古屋市千種区,春岡二丁目,35.16436943,136.9427735
15,栄公園,サカエコウエン,仮設給水栓,名古屋市東区,東桜一丁目,35.17103267,136.9130293
16,建中寺公園,ケンチュウジコウエン,仮設給水栓,名古屋市東区,筒井一丁目,35.17826598,136.9267169
18,愛教大附属小中学校,アイキョウダイフゾクショウチュウガッコウ,仮設給水栓,名古屋市東区,大幸南一丁目,35.18774356,136.9546045
19,木ヶ崎公園,キガサキコウエン,仮設給水栓,名古屋市東区,矢田三丁目,35.19497697,136.9459564
20,徳川園,トクガワエン,仮設給水栓,名古屋市東区,徳川町,35.185501,136.93307
21,旭丘小学校,アサヒガオカショウガッコウ,仮設給水栓,名古屋市東区,徳川町,35.18480992,136.9294734
22,山吹小学校,ヤマブキショウガッコウ,地下式給水栓,名古屋市東区,橦木町,35.17986445,136.9152243
23,矢田小学校,ヤダショウガッコウ,地下式給水栓,名古屋市東区,矢田南四丁目,35.19024146,136.9459032
24,明倫小学校,メイリンショウガッコウ,地下式給水栓,名古屋市東区,出来町一丁目,35.18131383,136.9354977
25,北区役所,キタクヤクショ,仮設給水栓,名古屋市北区,清水四丁目,35.19386697,136.9116896
26,楠支所,クスノキシショ,仮設給水栓,名古屋市北区,楠二丁目,35.22861184,136.9231321
27,名城公園,メイジョウコウエン,仮設給水栓,名古屋市北区,名城一丁目,35.18675709,136.9040382
28,水分橋緑地,ミズワケバシリョクチ,仮設給水栓,名古屋市北区,成願寺二丁目,35.21437763,136.9179449
29,すずらん公園,スズランコウエン,仮設給水栓,名古屋市北区,東大杉町四丁目,35.19056676,136.9279565
30,光城小学校,コウジョウショウガッコウ,仮設給水栓,名古屋市北区,光音寺町,35.20993931,136.9048524
31,川中小学校,カワナカショウガッコウ,仮設給水栓,名古屋市北区,福徳町,35.21362618,136.9024567
32,辻小学校,ツジショウガッコウ,仮設給水栓,名古屋市北区,辻町,35.2057349,136.9223318
33,楠西小学校,クスノキニシショウガッコウ,仮設給水栓,名古屋市北区,会所町,35.23842745,136.9073456
34,大杉小学校,オオスギショウガッコウ,地下式給水栓,名古屋市北区,大杉三丁目,35.19070958,136.9178196
35,城北小学校,ジョウホクショウガッコウ,地下式給水栓,名古屋市北区,鳩岡二丁目,35.21042337,136.9117784
36,名北小学校,メイホクショウガッコウ,地下式給水栓,名古屋市北区,下飯田町,35.19865886,136.9258477
37,清水小学校,シミズショウガッコウ,地下式給水栓,名古屋市北区,清水五丁目,35.19183103,136.9133286
38,味鋺小学校,アジマショウガッコウ,地下式給水栓,名古屋市北区,楠味鋺三丁目,35.2215187,136.9253294
39,花ノ木公園,ハナノキコウエン,仮設給水栓,名古屋市西区,花の木2丁目,35.18890599,136.889621
40,平塚公園,ヤマダシショ,仮設給水栓,名古屋市西区,八筋町,35.22225499,136.8811602
41,枇杷島公園,ビワジマコウエン,仮設給水栓,名古屋市西区,枇杷島一丁目,35.1885545,136.8741199
42,新福寺公園,シンプクジコウエン,仮設給水栓,名古屋市西区,新福寺町,35.20526791,136.8835649
43,洗堰緑地,アライゼキリョクチ,仮設給水栓,名古屋市西区,大野木四丁目,35.2217601,136.9028263
44,枇杷島小学校,ビワジマショウガッコウ,仮設給水栓,名古屋市西区,枇杷島三丁目,35.19284368,136.8721885
45,中小田井小学校,ナカオタイショウガッコウ,仮設給水栓,名古屋市西区,中小田井二丁目,35.21320541,136.8715121
46,西原公園（耐震性貯水槽）,ニシハラコウエン,仮設給水栓,名古屋市西区,西原町,35.22623793,136.8618013
47,五町公園,ゴチョウコウエン,仮設給水栓,名古屋市西区,五才美町,35.22033352,136.890926
48,比良西小学校,ヒラニシショウガッコウ,仮設給水栓,名古屋市西区,玉池町,35.22921761,136.8893342
49,比良小学校,ヒラショウガッコウ,仮設給水栓,名古屋市西区,比良二丁目,35.22630245,136.8997263
50,稲生小学校,イノウショウガッコウ,仮設給水栓,名古屋市西区,香呑町,35.20369188,136.8987364
51,浮野小学校,ウキノショウガッコウ,仮設給水栓,名古屋市西区,浮野町,35.2277112,136.858678
52,比良西応急給水センター,ヒラニシオウキュウキュウスイセンター,常設給水栓,名古屋市西区,砂原町,35.22851215,136.8910101
53,児玉小学校,コダマショウガッコウ,地下式給水栓,名古屋市西区,児玉二丁目,35.19316345,136.8834783
54,城西小学校,ジョウサイショウガッコウ,地下式給水栓,名古屋市西区,城西三丁目,35.18842021,136.8949571
55,庄内小学校,ショウナイショウガッコウ,地下式給水栓,名古屋市西区,新福寺町,35.20663527,136.8839836
56,南押切小学校,ミナミオシキリショウガッコウ,地下式給水栓,名古屋市西区,則武新町二丁目,35.18312708,136.8815665
57,平田小学校,ヒラタショウガッコウ,地下式給水栓,名古屋市西区,西原町,35.22649123,136.8632333
58,榎小学校,エノキショウガッコウ,地下式給水栓,名古屋市西区,押切一丁目,35.18652944,136.8835324
59,なごや小学校,ナゴヤショウガッコウ,地下式給水栓,名古屋市西区,幅下一丁目,35.17993286,136.8915666
60,中村公園,ナカムラコウエン,仮設給水栓,名古屋市中村区,豊幡町,35.17424569,136.8551468
61,稲葉地公園,イナバジコウエン,仮設給水栓,名古屋市中村区,稲葉地町,35.1661764,136.8444768
62,庄内緑地一帯,ショウナイリョクチイッタイ,仮設給水栓,名古屋市中村区,新富町,35.18771679,136.861545
63,柳公園,ヤナギコウエン,仮設給水栓,名古屋市中村区,烏森町二丁目,35.15387628,136.8619293
64,大正橋緑地,タイショウバシリョクチ,仮設給水栓,名古屋市中村区,稲西町,35.16536747,136.8358765
65,米野公園,コメノコウエン,仮設給水栓,名古屋市中村区,黄金通2丁目,35.16358795,136.871982
66,亀島公園,カメジマコウエン,仮設給水栓,名古屋市中村区,亀島一丁目,35.17658987,136.8751224
67,押木田公園,オシキダコウエン,仮設給水栓,名古屋市中村区,押木田町一丁目,35.16415657,136.8580603
68,八社小学校,ハッシャショウガッコウ,仮設給水栓,名古屋市中村区,八社一丁目,35.15109847,136.8385864
69,柳小学校,ヤナギショウガッコウ,地下式給水栓,名古屋市中村区,烏森町,35.15382957,136.8606036
70,稲葉地小学校,イナバジショウガッコウ,地下式給水栓,名古屋市中村区,靖国町,35.17019065,136.8476961
71,稲西小学校,イナニシショウガッコウ,地下式給水栓,名古屋市中村区,稲西町,35.1661141,136.8389588
72,日吉小学校,ヒヨシショウガッコウ,地下式給水栓,名古屋市中村区,城主町,35.16504674,136.8668191
73,（旧）新明小学校,シンメイショウガッコウ,地下式給水栓,名古屋市中村区,名駅三丁目,35.17291343,136.8869795
74,牧野小学校,マキノショウガッコウ,地下式給水栓,名古屋市中村区,竹橋町,35.16839112,136.8775524
75,白川公園（東）,シラカワコウエン（ヒガシ）,仮設給水栓,名古屋市中区,栄二丁目,35.164346,136.901737
76,金山総合駅周辺（アスナル金山西側）,カナヤマソウゴウエキシュウヘン,仮設給水栓,名古屋市中区,金山一丁目,35.14382703,136.9004985
77,久屋大通公園（久屋広場）,ヒサヤオオドオリコウエン,仮設給水栓,名古屋市中区,栄三丁目,35.16555051,136.9088693
78,若宮大通（千早交差点西側）（耐震性貯水槽）,ワカミヤオオドオリ,仮設給水栓,名古屋市中区,千代田五丁目,35.16100754,136.9197763
79,名城公園（能楽堂）（耐震性貯水槽）,メイジョウコウエン,仮設給水栓,名古屋市中区,三の丸一丁目,35.18233474,136.8970821
80,松原小学校,マツバラショウガッコウ,地下式給水栓,名古屋市中区,松原三丁目,35.1540663,136.8976152
81,栄小学校,サカエショウガッコウ,地下式給水栓,名古屋市中区,栄一丁目,35.16382458,136.8953161
82,橘小学校,タチバナショウガッコウ,地下式給水栓,名古屋市中区,橘一丁目,35.15349798,136.9046236
83,正木小学校,マサキショウガッコウ,地下式給水栓,名古屋市中区,正木一丁目,35.14983425,136.8969528
84,鶴舞公園,ツルマコウエン,仮設給水栓,名古屋市昭和区,鶴舞一丁目,35.15686392,136.920801
85,興正寺公園,コウショウジコウエン,仮設給水栓,名古屋市昭和区,八事本町,35.13934999,136.9614354
86,川原公園,カワハラコウエン,仮設給水栓,名古屋市昭和区,川原通,35.15649064,136.9517652
87,村雲公園,ムラクモコウエン,仮設給水栓,名古屋市昭和区,御器所四丁目,35.14455189,136.9222485
88,川名公園,カワナコウエン,仮設給水栓,名古屋市昭和区,川原通八丁目,35.14926421,136.9482096
89,川原小学校,カワハラショウガッコウ,地下式給水栓,名古屋市昭和区,萩原町,35.15642532,136.9505393
90,滝川小学校,タキカワショウガッコウ,地下式給水栓,名古屋市昭和区,滝川町,35.14386275,136.9597443
91,瑞穂公園（ラグビー場）,ミズホコウエン（ラグビージョウ）,仮設給水栓,名古屋市瑞穂区,豊岡通・山下通,35.12156309,136.9428749
93,瑞陵高校,ズイリョウコウコウ,仮設給水栓,名古屋市瑞穂区,北原町,35.13172314,136.9308002
94,市大薬学部（田辺公園）,シダイヤクガクブ,仮設給水栓,名古屋市瑞穂区,田辺通,35.12926807,136.9442233
95,瑞穂配水場,ミズホハイスイジョウ,常設給水栓,名古屋市瑞穂区,瑞穂通一丁目,35.13585672,136.9349578
96,堀田公園,ホリタコウエン,仮設給水栓,名古屋市瑞穂区,新開町,35.12075941,136.9177111
97,高田小学校,タカタショウガッコウ,地下式給水栓,名古屋市瑞穂区,宝田町,35.12897344,136.9246741
98,汐路小学校,シオジショウガッコウ,地下式給水栓,名古屋市瑞穂区,御莨町,35.13535687,136.9394824
99,井戸田小学校,イドタショウガッコウ,地下式給水栓,名古屋市瑞穂区,姫宮町,35.11869825,136.9319165
100,御劔小学校,ミツルギショウガッコウ,地下式給水栓,名古屋市瑞穂区,亀城町,35.13507049,136.9265028
101,弥富小学校,ヤトミショウガッコウ,地下式給水栓,名古屋市瑞穂区,日向町,35.11955777,136.9508167
102,豊岡小学校,トヨオカショウガッコウ,地下式給水栓,名古屋市瑞穂区,膳棚町,35.12375349,136.9404786
103,熱田高校,アツタコウコウ,仮設給水栓,名古屋市熱田区,千年一丁目,35.11770471,136.8984322
104,熱田神宮公園,アツタジングウコウエン,仮設給水栓,名古屋市熱田区,旗屋一丁目,35.1316081,136.9034958
105,熱田神宮,アツタジングウ,仮設給水栓,名古屋市熱田区,神宮一丁目,35.1247863,136.9076786
106,船方小学校,フナカタショウガッコウ,仮設給水栓,名古屋市熱田区,四番二丁目,35.12185467,136.8924871
107,千年小学校,チトセショウガッコウ,仮設給水栓,名古屋市熱田区,千年二丁目,35.11413868,136.8971068
108,神宮東公園,ジングウヒガシコウエン,仮設給水栓,名古屋市熱田区,六野二丁目,35.13353236,136.9130249
109,国際会議場（耐震性貯水槽）,コクサイカイギジョウ,仮設給水栓,名古屋市熱田区,熱田西町,35.12952797,136.8984154
110,旗屋小学校,ハタヤショウガッコウ,地下式給水栓,名古屋市熱田区,夜寒町,35.1342206,136.9048296
111,野立小学校,ノダテショウガッコウ,地下式給水栓,名古屋市熱田区,青池町,35.13507016,136.888781
112,市立工業高校,シリツコウギョウコウコウ,仮設給水栓,名古屋市中川区,北江町,35.12542177,136.8653556
114,大縄公園,オオナワコウエン,仮設給水栓,名古屋市中川区,服部四丁目,35.15107507,136.811976
115,荒子公園（南）,アラココウエン（ミナミ）,仮設給水栓,名古屋市中川区,荒子二丁目,35.138076,136.858516
116,松葉公園,マツバコウエン,仮設給水栓,名古屋市中川区,好本町,35.14151988,136.8689163
117,富田支所,トミタシショ,仮設給水栓,名古屋市中川区,春田三丁目,35.14016378,136.8131707
118,中川区役所,ナカガワクヤクショ,仮設給水栓,名古屋市中川区,高畑一丁目,35.14115218,136.8548389
119,ナゴヤ球場（露橋公園）,ナゴヤキュウジョウツユハシコウエン,仮設給水栓,名古屋市中川区,露橋二丁目,35.14846921,136.8861096
120,南川田公園,ミナミカワタコウエン,仮設給水栓,名古屋市中川区,大当郎三丁目,35.12807661,136.8328371
121,御屋敷公園,オヤシキコウエン,仮設給水栓,名古屋市中川区,助光一丁目,35.13842535,136.8265696
123,荒越公園,アラコシコウエン,仮設給水栓,名古屋市中川区,荒越町,35.13350437,136.8846296
124,西中島小学校,ニシナカジマショウガッコウ,仮設給水栓,名古屋市中川区,西中島二丁目,35.12234687,136.8474065
125,西前田公園（耐震性貯水槽）,ニシマエダコウエン,仮設給水栓,名古屋市中川区,前田西町三丁目,35.1352431,136.8297043
126,正色小学校,ショウシキショウガッコウ,仮設給水栓,名古屋市中川区,下之一色町権野,35.12355887,136.8284527
127,外丸田公園,ソトマルタコウエン,仮設給水栓,名古屋市中川区,水里五丁目,35.12968173,136.8029143
128,春田小学校,ハルタショウガッコウ,仮設給水栓,名古屋市中川区,東春田二丁目,35.14064946,136.8192361
129,玉川小学校,タマカワショウガッコウ,仮設給水栓,名古屋市中川区,玉川町,35.12221295,136.8777353
130,赤星小学校,アカボシショウガッコウ,仮設給水栓,名古屋市中川区,富田町大字千音寺字西五反田,35.16016234,136.8103427
131,千音寺小学校,センノンジショウガッコウ,仮設給水栓,名古屋市中川区,富田町大字千音寺字三ノ坪,35.15744483,136.816991
132,戸田小学校,トダショウガッコウ,仮設給水栓,名古屋市中川区,戸田二丁目,35.13850535,136.8060789
133,万場小学校,マンバショウガッコウ,仮設給水栓,名古屋市中川区,万場四丁目,35.15360428,136.826741
134,水里応急給水センター,ミズサトオウキュウキュウスイセンター,常設給水栓,名古屋市中川区,水里五丁目,35.12656481,136.802571
135,明正小学校,メイセイショウガッコウ,仮設給水栓,名古屋市中川区,戸田明正三丁目,35.146255,136.8028931
136,野田小学校,ノダショウガッコウ,仮設給水栓,名古屋市中川区,野田一丁目,35.14171448,136.8462868
137,戸田川緑地,トダガワリョクチ,仮設給水栓,名古屋市中川区,富永一丁目,35.12345497,136.8131313
138,豊治小学校,トヨハルショウガッコウ,仮設給水栓,名古屋市中川区,かの里一丁目,35.13176096,136.8152356
139,五反田小学校,ゴタンダショウガッコウ,地下式給水栓,名古屋市中川区,一色新町一丁目,35.13018414,136.8315874
140,中島小学校,ナカジマショウガッコウ,地下式給水栓,名古屋市中川区,中島新町二丁目,35.12769287,136.8519703
141,荒子小学校,アラコショウガッコウ,地下式給水栓,名古屋市中川区,中郷四丁目,35.13424735,136.8505863
142,西前田小学校,ニシマエダショウガッコウ,地下式給水栓,名古屋市中川区,前田西町三丁目,35.13690205,136.8322212
143,八熊小学校,ヤグマショウガッコウ,地下式給水栓,名古屋市中川区,八熊一丁目,35.14127548,136.8939332
144,広見小学校,ヒロミショウガッコウ,地下式給水栓,名古屋市中川区,広住町,35.15661612,136.8853683
146,稲永公園,イナエコウエン,仮設給水栓,名古屋市港区,野跡五丁目,35.08296164,136.8507549
147,善南公園,ゼンナンコウエン,仮設給水栓,名古屋市港区,善南町,35.09783451,136.8515034
148,小碓中央公園,オウスチュウオウコウエン,仮設給水栓,名古屋市港区,小碓四丁目,35.11767605,136.8487714
149,港北公園,コウホクコウエン,仮設給水栓,名古屋市港区,港楽一丁目,35.10639673,136.8853044
150,南陽支所,ナンヨウシショ,仮設給水栓,名古屋市港区,南陽町,35.11275288,136.8125774
151,土古公園,ドンゴコウエン,仮設給水栓,名古屋市港区,東土古町二丁目,35.11117679,136.8701121
152,当知中央公園,トウチチュウオウコウエン,仮設給水栓,名古屋市港区,当知一丁目,35.11059653,136.8484018
153,宝神中央公園,ホウジンチュウオウコウエン,仮設給水栓,名古屋市港区,宝神五丁目,35.0894187,136.846719
154,稲永東公園,イナエヒガシコウエン,仮設給水栓,名古屋市港区,稲永三丁目,35.08373328,136.8556299
155,中川西応急給水センター,ナカガワニシオウキュウキュウスイセンター,常設給水栓,名古屋市港区,いろは町五丁目,35.09932981,136.8721711
156,秋葉公園,アキハコウエン,仮設給水栓,名古屋市港区,秋葉一丁目,35.10858886,136.8216593
157,港西小学校,コウセイショウガッコウ,仮設給水栓,名古屋市港区,十一屋三丁目,35.09181012,136.8563352
158,南陽小学校,ナンヨウショウガッコウ,仮設給水栓,名古屋市港区,東茶屋二丁目,35.10642201,136.8298002
159,西築地小学校,ニシツキジショウガッコウ,仮設給水栓,名古屋市港区,浜一丁目,35.09735936,136.8810426
160,東海小学校,トウカイショウガッコウ,仮設給水栓,名古屋市港区,九番町,35.11674015,136.882949
161,西福田小学校,ニシフクタショウガッコウ,仮設給水栓,名古屋市港区,西福田五丁目,35.11518279,136.8042568
162,神宮寺小学校,ジングウジショウガッコウ,仮設給水栓,名古屋市港区,神宮寺二丁目,35.09661651,136.8454118
163,新茶屋川公園,シンチャヤガワコウエン,仮設給水栓,名古屋市港区,新茶屋三丁目,35.10044171,136.8119001
164,大手小学校,オオテショウガッコウ,仮設給水栓,名古屋市港区,大手町,35.09646316,136.8689827
165,神宮寺給水所,ジングウジキュウスイジョ,常設給水栓,名古屋市港区,神宮寺二丁目,35.09529262,136.8461258
166,高木小学校,タカギショウガッコウ,仮設給水栓,名古屋市港区,高木町,35.10163781,136.8488781
167,藤前公園（耐震性貯水槽）,フジマエコウエン,仮設給水栓,名古屋市港区,藤前三丁目,35.08676682,136.8314366
168,正保小学校,ショウホウショウガッコウ,仮設給水栓,名古屋市港区,正保町,35.11581771,136.8631035
169,野跡小学校,ノセキショウガッコウ,仮設給水栓,名古屋市港区,野跡一丁目,35.07944027,136.8555863
170,荒子川公園,アラコガワコウエン,仮設給水栓,名古屋市港区,寛政町,35.10431171,136.8592354
171,日光川公園,ニッコウガワコウエン,仮設給水栓,名古屋市港区,藤前五丁目,35.08954913,136.8228371
172,国際展示場,コクサイテンジジョウ,仮設給水栓,名古屋市港区,金城ふ頭二丁目,35.04905195,136.8423542
173,東築地小学校,ヒガシツキジショウガッコウ,仮設給水栓,名古屋市港区,東築地町,35.0933942,136.8918191
174,小碓小学校,オウスショウガッコウ,仮設給水栓,名古屋市港区,土古町,35.11056562,136.8581436
175,福田小学校,フクタショウガッコウ,仮設給水栓,名古屋市港区,七反野一丁目,35.11492632,136.8215722
176,当知小学校,トウチショウガッコウ,地下式給水栓,名古屋市港区,当知三丁目,35.11136837,136.843967
177,港楽小学校,コウラクショウガッコウ,地下式給水栓,名古屋市港区,港楽二丁目,35.10301489,136.886041
178,成章小学校,セイショウショウガッコウ,地下式給水栓,名古屋市港区,東土古町,35.11307837,136.8720272
179,白水公園（南側駐車場）,ハクスイコウエン（ミナミガワチュウシャジョウ）,仮設給水栓,名古屋市南区,白水町,35.075653,136.904111
180,宝生公園,ホウショウコウエン,仮設給水栓,名古屋市南区,宝生町,35.08438237,136.9110233
181,柴田小学校,シバタショウガッコウ,仮設給水栓,名古屋市南区,白水町,35.0751215,136.9048293
182,忠道公園,チュウドウコウエン,仮設給水栓,名古屋市南区,忠次一丁目,35.09971872,136.9163547
183,春日野配水場,カスガノハイスイジョウ,常設給水栓,名古屋市南区,春日野町,35.10143305,136.9402281
184,名古屋工科高校,ナゴヤコウカコウコウ,仮設給水栓,名古屋市南区,阿原町,35.08595548,136.9384604
185,道徳公園,ドウトクコウエン,仮設給水栓,名古屋市南区,道徳新町,35.10465836,136.9075297
186,笠寺公園,カサデラコウエン,仮設給水栓,名古屋市南区,白雲町,35.09831213,136.9389852
187,白水小学校,ハクスイショウガッコウ,仮設給水栓,名古屋市南区,松下町,35.07620406,136.9143913
188,呼続公園,ヨビツギコウエン,仮設給水栓,名古屋市南区,呼続四丁目,35.10593044,136.9299354
189,上浜南公園（耐震性貯水槽）,カミハマミナミコウエン,仮設給水栓,名古屋市南区,上浜町,35.07250418,136.9305115
190,宝南小学校,ホウナンショウガッコウ,仮設給水栓,名古屋市南区,堤起町,35.08488766,136.9195735
191,大生小学校,タイセイショウガッコウ,仮設給水栓,名古屋市南区,西又兵ヱ町,35.09418084,136.917666
192,千鳥小学校,チドリショウガッコウ,仮設給水栓,名古屋市南区,三吉町,35.07369875,136.9196545
193,笠東小学校,リュウトウショウガッコウ,仮設給水栓,名古屋市南区,芝町,35.09661384,136.944552
194,豊田小学校,トヨダショウガッコウ,仮設給水栓,名古屋市南区,豊田一丁目,35.10494262,136.9124526
195,星崎小学校,ホシザキショウガッコウ,仮設給水栓,名古屋市南区,南野三丁目,35.07873985,136.9322459
196,日本ガイシスポーツプラザ,ニホンガイシスポーツプラザ,仮設給水栓,名古屋市南区,東又兵エ町五丁目,35.09609116,136.9226467
197,笠寺小学校,カサデラショウガッコウ,仮設給水栓,名古屋市南区,本星崎町字本城,35.09046578,136.9344642
198,明治小学校,メイジショウガッコウ,仮設給水栓,名古屋市南区,明治二丁目,35.11035381,136.904936
199,大江川緑地,オオエガワリョクチ,仮設給水栓,名古屋市南区,神松町三丁目,35.08281711,136.9170241
200,伝馬小学校,テンマショウガッコウ,仮設給水栓,名古屋市南区,豊二丁目,35.10978032,136.9145274
201,大磯小学校,オオイソショウガッコウ,地下式給水栓,名古屋市南区,北内町,35.10414215,136.9253313
202,春日野小学校,カスガノショウガッコウ,地下式給水栓,名古屋市南区,春日野町,35.10214501,136.9382818
203,桜小学校,サクラショウガッコウ,地下式給水栓,名古屋市南区,桜台二丁目,35.10724355,136.9409276
204,守山区役所,モリヤマクヤクショ,仮設給水栓,名古屋市守山区,小幡一丁目,35.2031349,136.9770799
205,小幡緑地（西園）,オバタリョクチニシエン,仮設給水栓,名古屋市守山区,牛牧中山,35.20958684,136.9772895
206,旧緑ヶ丘配水場,キュウミドリガオカハイスイジョウ,仮設給水栓,名古屋市守山区,小幡北山,35.20991527,136.9867563
207,志段味配水場,シダミハイスイジョウ,常設給水栓,名古屋市守山区,桜坂五丁目,35.23746106,137.0153899
208,小幡緑地（本園）,オバタリョクチホンエン,仮設給水栓,名古屋市守山区,牛牧ハナレ松,35.21680638,136.9833943
209,天神橋緑地,テンジンバシリョクチ,仮設給水栓,名古屋市守山区,大字瀬古字宝善寺,35.20886575,136.9352232
210,矢田川橋緑地,ヤダガワバシリョクチ,仮設給水栓,名古屋市守山区,大字守山字大門,35.19749446,136.9483215
211,志段味支所,シダミシショ,仮設給水栓,名古屋市守山区,下志段味一丁目１４０１,35.24411639,137.0219488
212,市営本地荘,シエイホンジソウ,仮設給水栓,名古屋市守山区,本地が丘,35.19904911,137.0250323
213,下市場公園,シモイチバコウエン,仮設給水栓,名古屋市守山区,天子田一丁目,35.19821447,137.0001046
214,吉根配水塔,キッコハイスイトウ,常設給水栓,名古屋市守山区,大字吉根,35.22762309,137.0137207
215,松川橋緑地,マツカワバシリョクチ,仮設給水栓,名古屋市守山区,西川原町大字川字西川原,35.21596916,136.955669
216,大森中央公園,オオモリチュウオウコウエン,仮設給水栓,名古屋市守山区,元郷一丁目,35.20092976,136.9981316
217,山下公園（耐震性貯水槽）,ヤマシタコウエン,仮設給水栓,名古屋市守山区,村合町,35.20755662,136.9627907
218,志段味スポーツランド,シダミスポーツランド,仮設給水栓,名古屋市守山区,桜坂五丁目１０５番地,35.23446778,137.0166506
219,瀬古小学校,セコショウガッコウ,地下式給水栓,名古屋市守山区,瀬古東三丁目,35.21046462,136.9439074
220,苗代小学校,ナエシロショウガッコウ,地下式給水栓,名古屋市守山区,苗代二丁目,35.19563584,136.9819161
221,本地丘小学校,ホンジガオカショウガッコウ,地下式給水栓,名古屋市守山区,本地が丘,35.19868197,137.0222414
222,小幡小学校,オバタショウガッコウ,地下式給水栓,名古屋市守山区,小幡一丁目,35.2041374,136.9778272
223,西城小学校,ニシシロショウガッコウ,地下式給水栓,名古屋市守山区,西城二丁目,35.20406928,136.9664199
224,鳥羽見小学校,トリバミショウガッコウ,地下式給水栓,名古屋市守山区,鳥羽見二丁目,35.20073598,136.9516785
225,緑区役所,ミドリクヤクショ,仮設給水栓,名古屋市緑区,青山二丁目,35.07032697,136.9523492
226,鳴海配水場,ナルミハイスイジョウ,常設給水栓,名古屋市緑区,桃山四丁目,35.10193719,136.9865753
227,鳴子中央公園,ナルコチュウオウコウエン,仮設給水栓,名古屋市緑区,鳴子町二丁目,35.09820684,136.9673379
228,旭出公園,アサヒデコウエン　,仮設給水栓,名古屋市緑区,旭出一丁目,35.08565496,136.9643873
229,大高緑地,オオダカリョクチ,仮設給水栓,名古屋市緑区,大高町,35.06714357,136.9584707
230,市営桶狭間荘,シエイオケハザマソウ,仮設給水栓,名古屋市緑区,有松町桶狭間,35.04872013,136.9684531
231,浦里小学校,ウラサトショウガッコウ,仮設給水栓,名古屋市緑区,浦里一丁目,35.08964676,136.944226
232,鳴丘東公園,ナルオカヒガシコウエン,仮設給水栓,名古屋市緑区,乗鞍一丁目,35.09380206,136.9924432
233,新海池公園（耐震性貯水槽）,ニイノミイケコウエン,仮設給水栓,名古屋市緑区,鳴海町字池上,35.09153999,136.9606561
234,滝の水公園,タキノミズコウエン,仮設給水栓,名古屋市緑区,篠の風三丁目,35.0916073,136.9765793
235,大高北小学校,オオダカキタショウガッコウ,仮設給水栓,名古屋市緑区,大高町字町屋川,35.06964362,136.9375422
236,みどりが丘公園,ミドリガオカコウエン,仮設給水栓,名古屋市緑区,鳴海町字笹塚,35.08687199,137.0107853
237,通曲公園（耐震性貯水槽）,トオリガネコウエン,仮設給水栓,名古屋市緑区,徳重二丁目,35.09027054,137.0013239
238,大清水小学校,オオシミズショウガッコウ,地下式給水栓,名古屋市緑区,鳴海町字大清水,35.0781196,136.9905176
239,神の倉小学校,カミノクラショウガッコウ,地下式給水栓,名古屋市緑区,神の倉二丁目,35.1033319,137.0141639
240,太子小学校,タイシショウガッコウ,地下式給水栓,名古屋市緑区,太子二丁目,35.06586716,136.9795614
241,鳴海小学校,ナルミショウガッコウ,地下式給水栓,名古屋市緑区,鳴海町字矢切,35.08233211,136.9533403
242,南陵小学校,ナンリョウショウガッコウ,地下式給水栓,名古屋市緑区,有松町大字桶狭間森前,35.048672,136.9652534
243,大高南小学校,オオダカミナミショウガッコウ,地下式給水栓,名古屋市緑区,大高南一丁目,35.05854804,136.9441671
244,有松小学校,アリマツショウガッコウ,地下式給水栓,名古屋市緑区,有松,35.06568172,136.9699727
245,緑小学校,ミドリショウガッコウ,地下式給水栓,名古屋市緑区,鳴海町字前之輪,35.07465803,136.9443015
246,小坂小学校,コサカショウガッコウ,地下式給水栓,名古屋市緑区,小坂一丁目,35.08549735,136.9822011
247,鳴子小学校,ナルコショウガッコウ,地下式給水栓,名古屋市緑区,鳴子町二丁目,35.09861635,136.9660754
248,名東区役所,メイトウクヤクショ,仮設給水栓,名古屋市名東区,上社二丁目,35.17565193,137.0102347
249,猪高配水場,イダカハイスイジョウ,常設給水栓,名古屋市名東区,猪子石二丁目,35.18611974,137.0047756
250,牧野ヶ池緑地,マキノガイケリョクチ,仮設給水栓,名古屋市名東区,猪高町高針,35.14336269,137.0145627
251,極楽公園,ゴクラクコウエン,仮設給水栓,名古屋市名東区,極楽三丁目,35.15542709,137.0198298
252,猪子石公園,イノコイシコウエン,仮設給水栓,名古屋市名東区,山の手一丁目,35.18346177,136.9891693
253,上社公園,カミヤシロコウエン,仮設給水栓,名古屋市名東区,上社五丁目,35.17078054,137.0116663
254,藤見が丘公園,フジミガオカコウエン,仮設給水栓,名古屋市名東区,藤見が丘,35.1806561,137.0221399
255,猪高緑地（厚生院）,イダカリョクチ,仮設給水栓,名古屋市名東区,勢子坊二丁目,35.1642116,137.0182172
256,西一社中央公園,ニシイッシャチュウオウコウエン,仮設給水栓,名古屋市名東区,一社二丁目,35.1668421,136.9995247
257,明徳公園,メイトクコウエン,仮設給水栓,名古屋市名東区,猪高町大字猪子石字?廻間,35.18865056,137.0090675
258,本郷小学校,ホンゴウショウガッコウ,地下式給水栓,名古屋市名東区,本郷一丁目,35.17854695,137.0139922
259,豊が丘小学校,ユタカガオカショウガッコウ,地下式給水栓,名古屋市名東区,豊が丘,35.18790394,137.0137088
260,貴船小学校,キフネショウガッコウ,地下式給水栓,名古屋市名東区,貴船三丁目,35.16427348,137.0108021
261,牧の原小学校,マキノハラショウガッコウ,地下式給水栓,名古屋市名東区,牧の原三丁目,35.15060695,136.9982551
262,極楽小学校,ゴクラクショウガッコウ,地下式給水栓,名古屋市名東区,高針台三丁目,35.15591556,137.0157486
263,猪子石小学校,イノコイシショウガッコウ,地下式給水栓,名古屋市名東区,猪子石二丁目,35.18606737,137.0033635
264,西山小学校,ニシヤマショウガッコウ,地下式給水栓,名古屋市名東区,西山本通,35.1572205,136.9932408
265,天白区役所,テンパククヤクショ,仮設給水栓,名古屋市天白区,島田二丁目,35.12233358,136.9751699
266,一本松公園,イッポンマツコウエン,仮設給水栓,名古屋市天白区,一本松一丁目,35.13967812,136.9858918
267,天白川緑地,テンパクガワリョクチ,仮設給水栓,名古屋市天白区,笹原町,35.11415551,136.9612618
268,平池下公園,ヒライケシタコウエン,仮設給水栓,名古屋市天白区,原五丁目,35.11910782,136.9946154
269,平針第一公園,ヒラバリダイイチコウエン,仮設給水栓,名古屋市天白区,平針南二丁目,35.11202391,137.0050371
270,こうしん公園（耐震性貯水槽）,コウシンコウエン,仮設給水栓,名古屋市天白区,元八事一丁目,35.12220858,136.9640793
271,天白公園,テンパクコウエン,仮設給水栓,名古屋市天白区,天白町大字島田字黒石,35.11553356,136.9892568
272,荒池緑地,アライケリョクチ,仮設給水栓,名古屋市天白区,天白町大字平針字奴女里川,35.11465812,137.0116058
273,たかしま小学校,タカシマショウガッコウ,地下式給水栓,名古屋市天白区,高坂町,35.10810336,136.9869315
274,植田小学校,ウエダショウガッコウ,地下式給水栓,名古屋市天白区,植田本町一丁目,35.13617004,136.9933359
275,平針南小学校,ヒラバリミナミショウガッコウ,地下式給水栓,名古屋市天白区,平針南四丁目,35.10671166,137.0103621
276,大坪小学校,オオツボショウガッコウ,地下式給水栓,名古屋市天白区,大坪二丁目,35.13683439,136.9810343
277,植田南小学校,ウエダミナミショウガッコウ,地下式給水栓,名古屋市天白区,植田三丁目,35.12973734,136.9902124
278,大治浄水場（公園）,オオハルジョウスイジョウ（コウエン）,常設給水栓,海部郡大治町,花常,35.178637,136.821846
279,あま市役所甚目寺庁舎,ジモクジチョウヤクバ,仮設給水栓,あま市,甚目寺二伴田,35.198813,136.8212195
280,清須市役所南館,キヨスシヤクショミナミカン,仮設給水栓,清須市,須ヶ口,35.19993692,136.8526999
281,花咲公園,ハナサキコウエン,仮設給水栓,清須市,花咲,35.20310055,136.8656682
282,大治町役場,オオハルチョウヤクバ,仮設給水栓,海部郡大治町,馬島大門西,35.17544163,136.8200593
283,甚目寺南中学校,ジモクジミナミチュウガッコウ,仮設給水栓,あま市,本郷八尻,35.18944569,136.8292275
418,田代小学校,タシロショウガッコウ,地下式給水栓,名古屋市千種区,観月町2丁目,35.16486471,136.9560377
419,自由ケ丘小学校,ジユウガオカショウガッコウ,地下式給水栓,名古屋市千種区,自由ケ丘2丁目,35.17255332,136.9655418
420,内山小学校,ウチヤマショウガッコウ,地下式給水栓,名古屋市千種区,内山一丁目,35.17362628,136.9374375
421,富士見台小学校,フジミダイショウガッコウ,地下式給水栓,名古屋市千種区,富士見台2丁目,35.18174117,136.969466
422,大和小学校,タイワショウガッコウ,地下式給水栓,名古屋市千種区,松軒一丁目,35.17875585,136.9398049
423,宮根小学校,ミヤネショウガッコウ,地下式給水栓,名古屋市千種区,宮根台二丁目,35.18341798,136.9802563
424,葵小学校,アオイショウガッコウ,地下式給水栓,名古屋市東区,葵一丁目,35.17245332,136.9219068
425,東桜小学校,ヒガシサクラショウガッコウ,地下式給水栓,名古屋市東区,東桜一丁目,35.17199111,136.9125979
426,宮前小学校,ミヤマエショウガッコウ,地下式給水栓,名古屋市北区,上飯田南町4丁目,35.20168459,136.9374092
427,六郷北小学校,ロクゴウキタショウガッコウ,地下式給水栓,名古屋市北区,山田町5丁目,35.19883122,136.9405051
428,西味鋺小学校,ニシアジマショウガッコウ,地下式給水栓,名古屋市北区,西味鋺二丁目,35.22361492,136.9149559
429,飯田小学校,イイダショウガッコウ,地下式給水栓,名古屋市北区,指金町,35.19741966,136.9305409
430,栄生小学校,サコウショウガッコウ,地下式給水栓,名古屋市西区,栄生一丁目,35.1841949,136.8758451
431,大野木小学校,オオノギショウガッコウ,地下式給水栓,名古屋市西区,大野木三丁目,35.21914652,136.896235
432,米野小学校,コメノショウガッコウ,地下式給水栓,名古屋市中村区,権現通1丁目,35.16369048,136.8773006
433,豊臣小学校,トヨトミショウガッコウ,地下式給水栓,名古屋市中村区,森末町2丁目,35.17757926,136.861315
434,星槎名古屋中学校,セイサナゴヤチュウガッコウ,地下式給水栓,名古屋市中村区,名駅南四丁目,35.15984521,136.88857
435,平和小学校,ヘイワショウガッコウ,地下式給水栓,名古屋市中区,平和一丁目,35.14894862,136.9046731
436,新栄小学校,シンサカエショウガッコウ,地下式給水栓,名古屋市中区,新栄三丁目,35.16799989,136.9251693
437,老松小学校,オイマツショウガッコウ,地下式給水栓,名古屋市中区,千代田一丁目,35.16056069,136.9136507
438,千早小学校,チハヤショウガッコウ,地下式給水栓,名古屋市中区,新栄一丁目,35.16250131,136.917743
439,丸の内小学校,マルノウチショウガッコウ,地下式給水栓,名古屋市中区,丸の内三丁目,35.17724362,136.9036905
440,広路小学校,ヒロジショウガッコウ,地下式給水栓,名古屋市昭和区,川原通8丁目,35.15027549,136.9476036
441,松栄小学校,ショウエイショウガッコウ,地下式給水栓,名古屋市昭和区,長戸町2丁目,35.14500793,136.9392771
442,白金小学校,シラガネショウガッコウ,地下式給水栓,名古屋市昭和区,白金二丁目,35.14676175,136.9162747
443,八事小学校,ヤゴトショウガッコウ,地下式給水栓,名古屋市昭和区,五軒家町,35.14160268,136.9503769
444,中根小学校,ナカネショウガッコウ,地下式給水栓,名古屋市瑞穂区,井の元町,35.11440094,136.9549142
445,穂波小学校,ホナミショウガッコウ,地下式給水栓,名古屋市瑞穂区,河岸一丁目,35.11587863,136.9253907
446,大宝小学校,タイホウショウガッコウ,地下式給水栓,名古屋市熱田区,大宝三丁目,35.13074687,136.8934452
447,高蔵小学校,タカクラショウガッコウ,地下式給水栓,名古屋市熱田区,花町,35.13765675,136.9012328
448,白鳥小学校,シロトリショウガッコウ,地下式給水栓,名古屋市熱田区,白鳥二丁目,35.12461345,136.9063833
449,八幡小学校,ヤハタショウガッコウ,地下式給水栓,名古屋市中川区,八熊通5丁目,35.14036376,136.8845349
450,長須賀小学校,ナガスカショウガッコウ,地下式給水栓,名古屋市中川区,前田西町一丁目,35.14014743,136.8297145
451,愛知小学校,アイチショウガッコウ,地下式給水栓,名古屋市中川区,豊成町,35.15519317,136.8781894
452,稲永小学校,イナエイショウガッコウ,地下式給水栓,名古屋市港区,稲永四丁目,35.08537101,136.8579807
453,明徳小学校,メイトクショウガッコウ,地下式給水栓,名古屋市港区,小碓三丁目,35.11607516,136.8477826
454,福春小学校,フクハルショウガッコウ,地下式給水栓,名古屋市港区,春田野一丁目,35.11810673,136.8137218
455,菊住小学校,キクズミショウガッコウ,地下式給水栓,名古屋市南区,駈上一丁目,35.11344142,136.9384986
456,道徳小学校,ドウトクショウガッコウ,地下式給水栓,名古屋市南区,道徳新町5丁目,35.10218664,136.9064297
457,守山小学校,モリヤマショウガッコウ,地下式給水栓,名古屋市守山区,西島町,35.20054857,136.9648741
458,大森小学校,オオモリショウガッコウ,地下式給水栓,名古屋市守山区,大森四丁目,35.20466868,136.9986999
459,桃山小学校,モモヤマショウガッコウ,地下式給水栓,名古屋市緑区,桃山四丁目,35.10262733,136.986971
460,大高小学校,オオダカショウガッコウ,地下式給水栓,名古屋市緑区,大高町字南大高畑,35.06271941,136.9368247
461,猪高小学校,イタカショウガッコウ,地下式給水栓,名古屋市名東区,丁田町,35.17705193,137.0051374
462,名東小学校,メイトウショウガッコウ,地下式給水栓,名古屋市名東区,亀の井三丁目,35.16455551,137.0045756
463,相生小学校,アイオイショウガッコウ,地下式給水栓,名古屋市天白区,境根町,35.1074978,136.9739415
464,山根小学校,ヤマネショウガッコウ,地下式給水栓,名古屋市天白区,山根町,35.11187734,136.9734466
465,天白小学校,テンパクショウガッコウ,地下式給水栓,名古屋市天白区,池場二丁目,35.1217302,136.9823132
466,東志賀小学校,ヒガシシガショウガッコウ,地下式給水栓,名古屋市北区,志賀町4丁目,35.20258838,136.9156185
467,杉村小学校,スギムラショウガッコウ,地下式給水栓,名古屋市北区,長田町3丁目,35.19193618,136.9226783
468,楠小学校,クスノキショウガッコウ,地下式給水栓,名古屋市北区,池花町,35.23193181,136.9198827
469,上名古屋小学校,カミナゴヤショウガッコウ,地下式給水栓,名古屋市西区,上名古屋三丁目,35.19460639,136.894641
470,（旧）那古野小学校,キュウナゴノショウガッコウ,地下式給水栓,名古屋市西区,那古野二丁目,35.1763154,136.8870132
471,岩塚小学校,イワツカショウガッコウ,地下式給水栓,名古屋市中村区,岩塚町4丁目,35.15610283,136.8464017
472,ほのか小学校,ホノカショウガッコウ,地下式給水栓,名古屋市中村区,松原町1丁目,35.17339951,136.8717832
473,諏訪小学校,スワショウガッコウ,地下式給水栓,名古屋市中村区,諏訪町2丁目,35.17839795,136.8544513
474,中村小学校,ナカムラショウガッコウ,地下式給水栓,名古屋市中村区,中村町1丁目,35.17410271,136.8588864
475,千成小学校,センナリショウガッコウ,地下式給水栓,名古屋市中村区,日之宮町1丁目,35.1621968,136.8590591
476,鶴舞小学校,ツルマイショウガッコウ,地下式給水栓,名古屋市昭和区,鶴舞一丁目,35.1530391,136.9226788
477,伊勝小学校,イカツショウガッコウ,地下式給水栓,名古屋市昭和区,伊勝町2丁目,35.15474273,136.9590382
478,陽明小学校,ヨウメイショウガッコウ,地下式給水栓,名古屋市瑞穂区,密柑山町1丁目,35.13092919,136.9483874
479,露橋小学校,ツユハシショウガッコウ,地下式給水栓,名古屋市中川区,露橋一丁目,35.14993019,136.8877146
480,昭和橋小学校,ショウワバシショウガッコウ,地下式給水栓,名古屋市中川区,中野新町7丁目,35.12574225,136.8708604
481,常磐小学校,トキワショウガッコウ,地下式給水栓,名古屋市中川区,小本一丁目,35.14831232,136.862016
482,篠原小学校,シノハラショウガッコウ,地下式給水栓,名古屋市中川区,丸米町1丁目,35.13479694,136.8720383
483,中川小学校,ナカガワショウガッコウ,地下式給水栓,名古屋市港区,辰巳町,35.11253202,136.8873143
484,呼続小学校,ヨビツギショウガッコウ,地下式給水栓,名古屋市南区,呼続四丁目,35.10785734,136.932662
485,宝小学校,タカラショウガッコウ,地下式給水栓,名古屋市南区,中割町2丁目,35.08789456,136.9168585
486,小幡北小学校,オバタキタショウガッコウ,地下式給水栓,名古屋市守山区,小幡北,35.21524711,136.9860421
487,旭出小学校,アサヒデショウガッコウ,地下式給水栓,名古屋市緑区,旭出一丁目,35.08618949,136.9634135
488,相原小学校,アイバラショウガッコウ,地下式給水栓,名古屋市緑区,若田一丁目,35.07726911,136.9655085
489,黒石小学校,クロイシショウガッコウ,地下式給水栓,名古屋市緑区,黒沢台二丁目,35.10124451,136.9984221
490,滝ノ水小学校,タキノミズショウガッコウ,地下式給水栓,名古屋市緑区,滝ノ水一丁目,35.09109761,136.9782935
491,徳重小学校,トクシゲショウガッコウ,地下式給水栓,名古屋市緑区,徳重二丁目,35.08791254,137.0020014
492,桶狭間小学校,オケハザマショウガッコウ,地下式給水栓,名古屋市緑区,有松町大字桶狭間字巻山,35.05574264,136.9688442
493,常安小学校,ジョウアンショウガッコウ,地下式給水栓,名古屋市緑区,乗鞍一丁目,35.0938128,136.9937246
494,戸笠小学校,トガサショウガッコウ,地下式給水栓,名古屋市緑区,相川三丁目,35.10170434,136.9753643
495,梅森坂小学校,ウメモリザカショウガッコウ,地下式給水栓,名古屋市名東区,梅森坂四丁目,35.14260298,137.0210176
496,野並小学校,ノナミショウガッコウ,地下式給水栓,名古屋市天白区,野並一丁目,35.10852434,136.9562975
497,原小学校,ハラショウガッコウ,地下式給水栓,名古屋市天白区,原五丁目,35.12001296,136.9951667
498,如意小学校,ニョイショウガッコウ,地下式給水栓,名古屋市北区,如意三丁目,35.23868701,136.9254068
499,山田小学校,ヤマダショウガッコウ,地下式給水栓,名古屋市西区,八筋町,35.22321667,136.8823494
500,（旧）江西小学校,キュウエニシショウガッコウ,地下式給水栓,名古屋市西区,菊井２丁目,35.18020579,136.8841177
1070,上野小学校,ウエノショウガッコウ,地下式給水栓,名古屋市千種区,上野二丁目6-1,35.17968199,136.9523615
1071,東山小学校,ヒガシヤマショウガッコウ,地下式給水栓,名古屋市千種区,橋本町3丁目20,35.16319705,136.9675426
1072,千種小学校,チクサショウガッコウ,地下式給水栓,名古屋市千種区,千種三丁目2-5,35.16232881,136.9334411
1073,星ヶ丘小学校,ホシガオカショウガッコウ,地下式給水栓,名古屋市千種区,星が丘1丁目4,35.16311941,136.9886234
1074,千代田橋小学校,チヨダバシショウガッコウ,地下式給水栓,名古屋市千種区,千代田橋二丁目3-7,35.18706205,136.9715431
1075,砂田橋小学校,スナダバシショウガッコウ,地下式給水栓,名古屋市東区,砂田橋三丁目1-13,35.18782521,136.9589317
1076,東白壁小学校,ヒガシシラカベショウガッコウ,地下式給水栓,名古屋市東区,白壁五丁目7,35.1825401,136.9214322
1077,筒井小学校,ツツイショウガッコウ,地下式給水栓,名古屋市東区,筒井一丁目15-28,35.17769693,136.9281261
1078,旭丘小学校,アサヒオカショウガッコウ,地下式給水栓,名古屋市東区,徳川町1601,35.18467584,136.9293616
1079,金城小学校,キンジョウショウガッコウ,地下式給水栓,名古屋市北区,金城三丁目11-6,35.19599609,136.9068886
1080,六郷小学校,ロクゴウショウガッコウ,地下式給水栓,名古屋市北区,大曽根三丁目1069,35.19216846,136.9340183
1081,光城小学校,コウジョウショウガッコウ,地下式給水栓,名古屋市北区,光音寺町4丁目1,35.2100231,136.9048124
1082,川中小学校,カワナカショウガッコウ,地下式給水栓,名古屋市北区,福徳町5丁目22,35.21377799,136.9024336
1083,辻小学校,ツジショウガッコウ,地下式給水栓,名古屋市北区,辻町1丁目32-4,35.2057482,136.9224557
1084,楠西小学校,クスノキニシショウガッコウ,地下式給水栓,名古屋市北区,会所町89,35.23839826,136.9072432
1085,枇杷島小学校,ビワジマショウガッコウ,地下式給水栓,名古屋市西区,枇杷島三丁目16-33,35.19273219,136.8722666
1086,中小田井小学校,ナカオタイショウガッコウ,地下式給水栓,名古屋市西区,中小田井二丁目189,35.21328292,136.8712691
1087,比良西小学校,ヒラニシショウガッコウ,地下式給水栓,名古屋市西区,玉池町347,35.22906591,136.8892663
1088,比良小学校,ヒラショウガッコウ,地下式給水栓,名古屋市西区,比良二丁目175,35.22618496,136.8996512
1089,稲生小学校,イノウショウガッコウ,地下式給水栓,名古屋市西区,香呑町2丁目84,35.20363016,136.8987919
1090,浮野小学校,ウキノショウガッコウ,地下式給水栓,名古屋市西区,浮野町98,35.22762002,136.8587044
1091,日比津小学校,ヒビツショウガッコウ,地下式給水栓,名古屋市中村区,高道町2丁目1-3,35.18318775,136.8637336
1092,（旧）本陣小学校,キュウホンジンショウガッコウ,地下式給水栓,名古屋市中村区,松原町1丁目24,35.1770389,136.8678913
1093,八社小学校,ハッシャショウガッコウ,地下式給水栓,名古屋市中村区,八社一丁目199-2,35.15115116,136.8383643
1094,亀島公園,カメジマコウエン,地下式給水栓,名古屋市中村区,亀島一丁目,35.17671642,136.8750322
1095,大須小学校,オオスショウガッコウ,地下式給水栓,名古屋市中区,大須一丁目31-4,35.15938875,136.8957746
1096,旧御園小学校,キュウミソノショウガッコウ,地下式給水栓,名古屋市中区,錦一丁目9-1,35.17004772,136.8958511
1097,吹上小学校,フキアゲショウガッコウ,地下式給水栓,名古屋市昭和区,吹上町1丁目22,35.15635733,136.9290046
1098,村雲小学校,ムラクモショウガッコウ,地下式給水栓,名古屋市昭和区,村雲町26-16,35.1445439,136.9209898
1099,御器所小学校,ゴキソショウガッコウ,地下式給水栓,名古屋市昭和区,明月町1丁目30,35.14698194,136.9282629
1100,瑞穂小学校,ミズホショウガッコウ,地下式給水栓,名古屋市瑞穂区,牧町2丁目46,35.12594213,136.932403
1101,堀田小学校,ホリタショウガッコウ,地下式給水栓,名古屋市瑞穂区,新開町24-13,35.12255666,136.9180092
1102,千年小学校,チトセショウガッコウ,地下式給水栓,名古屋市熱田区,千年二丁目38-26,35.11427286,136.8970053
1103,船方小学校,フナカタショウガッコウ,地下式給水栓,名古屋市熱田区,四番二丁目10-43,35.1218011,136.8925385
1104,豊治小学校,トヨハルショウガッコウ,地下式給水栓,名古屋市中川区,かの里一丁目2501,35.13175023,136.8153789
1105,野田小学校,ノダショウガッコウ,地下式給水栓,名古屋市中川区,野田一丁目,35.14173688,136.8463171
1106,明正小学校,メイセイショウガッコウ,地下式給水栓,名古屋市中川区,戸田明正三丁目,35.14638368,136.8029804
1107,万場小学校,マンバショウガッコウ,地下式給水栓,名古屋市中川区,万場四丁目1106,35.15360456,136.8268453
1108,戸田小学校,トダショウガッコウ,地下式給水栓,名古屋市中川区,戸田二丁目2114,35.13839797,136.8061097
1109,千音寺小学校,センノンジショウガッコウ,地下式給水栓,名古屋市中川区,富田町大字千音寺字三ノ坪,35.15755779,136.8169395
1110,赤星小学校,アカボシショウガッコウ,地下式給水栓,名古屋市中川区,富田町大字千音寺字西五反田,35.16009051,136.810265
1111,玉川小学校,タマカワショウガッコウ,地下式給水栓,名古屋市中川区,玉川町2丁目1,35.12187787,136.8777038
1112,春田小学校,ハルタショウガッコウ,地下式給水栓,名古屋市中川区,東春田二丁目,35.14065957,136.819052
1113,正色小学校,ショウシキショウガッコウ,地下式給水栓,名古屋市中川区,下之一色町権野107,35.12356765,136.8284688
1114,西中島小学校,ニシナカジマショウガッコウ,地下式給水栓,名古屋市中川区,西中島二丁目,35.12226338,136.8472352
1116,福田小学校,フクタショウガッコウ,地下式給水栓,名古屋市港区,七反野一丁目1207,35.11483676,136.8216274
1117,小碓小学校,オウスショウガッコウ,地下式給水栓,名古屋市港区,土古町4丁目59,35.11052454,136.858211
1118,東築地小学校,ヒガシツキジショウガッコウ,地下式給水栓,名古屋市港区,東築地町26,35.09363018,136.8915772
1119,野跡小学校,ノセキショウガッコウ,地下式給水栓,名古屋市港区,野跡一丁目4-11,35.07943375,136.8556775
1120,正保小学校,ショウホウショウガッコウ,地下式給水栓,名古屋市港区,正保町5丁目22,35.11577157,136.8630445
1121,高木小学校,タカギショウガッコウ,地下式給水栓,名古屋市港区,高木町3丁目20,35.10165478,136.8486851
1122,大手小学校,オオテショウガッコウ,地下式給水栓,名古屋市港区,大手町3丁目28,35.09643367,136.8688739
1123,神宮寺小学校,ジングウジショウガッコウ,地下式給水栓,名古屋市港区,神宮寺二丁目501,35.0965386,136.84538
1124,西福田小学校,ニシフクタショウガッコウ,地下式給水栓,名古屋市港区,西福田五丁目1601,35.1153872,136.8043885
1125,東海小学校,トウカイショウガッコウ,地下式給水栓,名古屋市港区,九番町1丁目1-3,35.11703096,136.8828888
1126,西築地小学校,ニシツキジショウガッコウ,地下式給水栓,名古屋市港区,浜一丁目2-33,35.0973391,136.8812935
1127,南陽小学校,ナンヨウショウガッコウ,地下式給水栓,名古屋市港区,東茶屋二丁目328,35.10631969,136.8299087
1128,港西小学校,コウセイショウガッコウ,地下式給水栓,名古屋市港区,十一屋三丁目55,35.0917934,136.8564624
1129,伝馬小学校,テンマショウガッコウ,地下式給水栓,名古屋市南区,豊二丁目38-9,35.10980467,136.9144934
1130,明治小学校,メイジショウガッコウ,地下式給水栓,名古屋市南区,明治二丁目3-50,35.11024922,136.9051795
1131,笠寺小学校,カサデラショウガッコウ,地下式給水栓,名古屋市南区,本星崎町字本城765,35.09015419,136.934346
1132,星崎小学校,ホシザキショウガッコウ,地下式給水栓,名古屋市南区,南野三丁目163,35.07863369,136.9323399
1133,宝南小学校,ホウナンショウガッコウ,地下式給水栓,名古屋市南区,堤起町3丁目48,35.08486516,136.9193843
1134,大生小学校,タイセイショウガッコウ,地下式給水栓,名古屋市南区,西又兵ヱ町3丁目76,35.09429542,136.91772
1135,千鳥小学校,チドリショウガッコウ,地下式給水栓,名古屋市南区,三吉町6丁目1,35.07370857,136.9197763
1136,笠東小学校,リュウトウショウガッコウ,地下式給水栓,名古屋市南区,芝町113,35.09658291,136.9445131
1137,豊田小学校,トヨダショウガッコウ,地下式給水栓,名古屋市南区,豊田一丁目19-23,35.10493764,136.9124779
1138,白水小学校,ハクスイショウガッコウ,地下式給水栓,名古屋市南区,松下町2丁目1,35.07617302,136.9145617
1139,柴田小学校,シバタショウガッコウ,地下式給水栓,名古屋市南区,白水町19,35.07514376,136.904789
1140,白沢小学校,シラサワショウガッコウ,地下式給水栓,名古屋市守山区,白沢町233,35.21304295,136.9719374
1141,天子田小学校,アマコダショウガッコウ,地下式給水栓,名古屋市守山区,天子田二丁目1501,35.19855387,137.0057596
1142,森孝西小学校,モリタカニシショウガッコウ,地下式給水栓,名古屋市守山区,森孝一丁目1108,35.19493067,137.0042522
1143,志段味西小学校,シダミニシショウガッコウ,地下式給水栓,名古屋市守山区,深沢一丁目177,35.23909258,137.0101896
1144,志段味東小学校,シダミヒガシショウガッコウ,地下式給水栓,名古屋市守山区,上志段味道光306,35.25387407,137.0324184
1145,吉根小学校,キッコショウガッコウ,地下式給水栓,名古屋市守山区,吉根一丁目1601,35.23426076,136.9979551
1146,廿軒家小学校,ニジュッケンヤショウガッコウ,地下式給水栓,名古屋市守山区,更屋敷16-16,35.19317122,136.9611194
1147,森孝東小学校,モリタカヒガシショウガッコウ,地下式給水栓,名古屋市守山区,森孝東一丁目442,35.19156786,137.0210578
1148,二城小学校,ニジョウショウガッコウ,地下式給水栓,名古屋市守山区,鳥神町248,35.20895257,136.9573149
1149,大森北小学校,オオモリキタショウガッコウ,地下式給水栓,名古屋市守山区,大森八龍一丁目1707,35.21347042,137.0019792
1150,長根台小学校,ナガネショウガッコウ,地下式給水栓,名古屋市緑区,古鳴海二丁目161-1,35.09757903,136.9595834
1151,鳴海東部小学校,ナルミトウブショウガッコウ,地下式給水栓,名古屋市緑区,平手北二丁目901,35.08593918,136.9911293
1152,平子小学校,ヒラコショウガッコウ,地下式給水栓,名古屋市緑区,平子が丘236,35.07410837,136.9609229
1153,浦里小学校,ウラサトショウガッコウ,地下式給水栓,名古屋市緑区,浦里一丁目77,35.08946043,136.9440626
1154,大高北小学校,オオダカキタショウガッコウ,地下式給水栓,名古屋市緑区,大高町字町屋川1,35.06977996,136.9373649
1155,東丘小学校,ヒガシオカショウガッコウ,地下式給水栓,名古屋市緑区,鳴海町字有松裏9,35.06903033,136.9733968
1156,片平小学校,カタヒラショウガッコウ,地下式給水栓,名古屋市緑区,鳴海町字片平18,35.08880424,136.9525465
1157,熊の前小学校,クマノマエショウガッコウ,地下式給水栓,名古屋市緑区,亀が洞一丁目901,35.09503299,137.006977
1158,蓬来小学校,ヨモギショウガッコウ,地下式給水栓,名古屋市名東区,よもぎ台一丁目501,35.17797192,136.9892551
1159,香流小学校,カナレショウガッコウ,地下式給水栓,名古屋市名東区,香流二丁目1201,35.18748849,136.9928161
1160,高針小学校,タカバリショウガッコウ,地下式給水栓,名古屋市名東区,高針二丁目1103,35.15803586,137.0103444
1161,北一社小学校,キタイッシャショウガッコウ,地下式給水栓,名古屋市名東区,上菅一丁目101,35.17946488,136.9960482
1162,藤が丘小学校,フジガオカショウガッコウ,地下式給水栓,名古屋市名東区,藤が丘54,35.18408128,137.0204579
1163,上社小学校,カミヤシロショウガッコウ,地下式給水栓,名古屋市名東区,上社五丁目1002,35.1701335,137.0127868
1164,引山小学校,ヒキヤマショウガッコウ,地下式給水栓,名古屋市名東区,引山一丁目1105,35.18950317,136.9985373
1165,平和が丘小学校,ヘイワガオカショウガッコウ,地下式給水栓,名古屋市名東区,平和が丘一丁目1,35.17957275,136.9809829
1166,前山小学校,マエヤマショウガコウ,地下式給水栓,名古屋市名東区,牧の里二丁目1501,35.15251979,137.0047464
1167,（旧）しまだ小学校,キュウシマダショウガッコウ,地下式給水栓,名古屋市天白区,御前場町351,35.10977128,136.9946459
1168,平針小学校,ヒラバリショウガッコウ,地下式給水栓,名古屋市天白区,向が丘一丁目620,35.11763799,137.0042257
1169,表山小学校,オモテヤマショウガッコウ,地下式給水栓,名古屋市天白区,表山二丁目701,35.13100521,136.9645091
1170,植田北小学校,ウエダキタショウガッコウ,地下式給水栓,名古屋市天白区,焼山二丁目1302,35.14201176,136.9944807
1171,平針北小学校,ヒラバリキタショウガッコウ,地下式給水栓,名古屋市天白区,平針一丁目501,35.12732709,137.0033084
1172,八事東小学校,ヤゴトヒガシショウガッコウ,地下式給水栓,名古屋市天白区,音聞山1801,35.12819144,136.9688599
1173,旧清須市役所清洲庁舎跡地,キュウキヨスシヤクショキヨスチョウシャアトチ,仮設給水栓,清須市,清洲一丁目6-1,35.21648178,136.8367314
1174,植田東小学校,ウエダヒガシガッコウ,地下式給水栓,名古屋市天白区,植田東三丁目　1003番地の1,35.13071224,136.9954636
1203,守山水処理センター,モリヤマミズショリセンター,仮設給水栓,名古屋市北区,米が瀬町3-1,35.21259009,136.9274643
1264,コミュニティプラザ萱津,コミュニティプラザカヤツ,仮設給水栓,あま市,中萱津法慶寺,35.18822304,136.8434717
1265,志賀公園,シガコウエン,仮設給水栓,名古屋市北区,平手町２丁目,35.2017454,136.9046072
1284,南郊公園,ナンコウコウエン,仮設給水栓,名古屋市港区,七番町,35.11837148,136.8874582
1285,楠公園,クスノキコウエン,仮設給水栓,名古屋市北区,若鶴町,35.23108692,136.9161187
1324,下志段味小学校,シモシダミショウガッコウ,地下式給水栓,名古屋市守山区,桜坂一丁目１５０２番地,35.23953852,137.0185541
1349,豊正中学校,ホウセイチュウガッコウ,地下式給水栓,名古屋市中村区,稲葉地町7丁目1,35.16379969,136.8476266
1350,豊国中学校,トヨクニチュウガッコウ,地下式給水栓,名古屋市中村区,北畑町1丁目８,35.15975853,136.8695841
1351,山王中学校,サンノウチュウガッコウ,地下式給水栓,名古屋市中川区,山王3丁目7-3,35.15034263,136.8904041
1352,高杉中学校,タカスギチュウガッコウ,地下式給水栓,名古屋市中川区,高杉町133,35.12652004,136.8439525
1353,富田中学校,トミダチュウガッコウ,地下式給水栓,名古屋市中川区,東春田2丁目72,35.14237267,136.8166109
1354,千鳥丘中学校,チドリガオカチュウガッコウ,地下式給水栓,名古屋市緑区,鳴海町字山ノ神108,35.09189234,136.9548984
1355,上社中学校,カミヤシロチュウガッコウ,地下式給水栓,名古屋市名東区,社が丘4丁目301,35.17148279,137.0196592
1356,平針中学校,ヒラバリチュウガッコウ,地下式給水栓,名古屋市天白区,中平4丁目701,35.11368928,136.9995247
1364,冨士中学校,フジチュウガッコウ,地下式給水栓,名古屋市東区,東桜一丁目7-1,35.17251233,136.912327
1365,あずま中学校,アズマチュウガッコウ,地下式給水栓,名古屋市東区,筒井一丁目1-1,35.18022259,136.9265133
1366,桜丘中学校,サクラガオカチュウガッコウ,地下式給水栓,名古屋市東区,東大曽根町11-1,35.18761723,136.931972
1367,矢田中学校,ヤダチュウガッコウ,地下式給水栓,名古屋市東区,大幸南一丁目1-23,35.18925435,136.9516588
1368,菊井中学校,キクイチュウガッコウ,地下式給水栓,名古屋市西区,新道一丁目6-33,35.18260932,136.8891607
1369,天神山中学校,テンジンヤマチュウガッコウ,地下式給水栓,名古屋市西区,天神山町4-12,35.19025896,136.8861796
1370,浄心中学校,ジョウシンチュウガッコウ,地下式給水栓,名古屋市西区,児玉一丁目15-12,35.19553319,136.887283
1371,名塚中学校,ナヅカチュウガッコウ,地下式給水栓,名古屋市西区,新福寺町2-1-2,35.20444839,136.884674
1372,山田中学校,ヤマダチュウガッコウ,地下式給水栓,名古屋市西区,八筋町363-1,35.22281048,136.8789323
1373,平田中学校,ヒラタチュウガッコウ,地下式給水栓,名古屋市西区,山木一丁目1,35.22047816,136.8693663
1374,山田東中学校,ヤマダヒガシチュウガッコウ,地下式給水栓,名古屋市西区,宝地町10,35.22235624,136.8913717
1375,沢上中学校,サワカミチュウガッコウ,地下式給水栓,名古屋市熱田区,五本松町4-4,35.13672308,136.9010298
1376,宮中学校,ミヤチュウガッコウ,地下式給水栓,名古屋市熱田区,白鳥一丁目3-46,35.12660575,136.9027876
1377,日比野中学校,ヒビノチュウガッコウ,地下式給水栓,名古屋市熱田区,大宝四丁目2-45,35.12847847,136.8950829
1378,日比野中学校（南校舎）,ヒビノチュウガッコウ　ミナミコウシャ,地下式給水栓,名古屋市熱田区,一番三丁目2-60,35.1270766,136.8939929
1379,笹島小学校・笹島中学校,ササシマショウガッコウ・ササシマチュウガッコウ,地下式給水栓,名古屋市中村区,名駅四丁目19-1,35.17035733,136.8895093
1381,城山中学校,シロヤマチュウガッコウ,地下式給水栓,名古屋市千種区,西崎町1-42,35.1623944,136.958696
1382,今池中学校,イマイケチュウガッコウ,地下式給水栓,名古屋市千種区,今池三丁目19-1,35.16596323,136.93247
1383,猪子石中学校,イノコイシチュウガッコウ,地下式給水栓,名古屋市千種区,千代が丘2-5,35.18267655,136.9835794
1384,千種中学校,チクサチュウガッコウ,地下式給水栓,名古屋市千種区,千代田橋一丁目1-12,35.18892571,136.9675394
1385,千種台中学校,チクサダイチュウガッコウ,地下式給水栓,名古屋市千種区,自由ケ丘3-3-55,35.17745663,136.9686345
1386,若水中学校,ワカミズチュウガッコウ,地下式給水栓,名古屋市千種区,若水二丁目6-1,35.17449699,136.945673
1404,八王子中学校,ハチオウジチュウガッコウ,地下式給水栓,名古屋市北区,清水４丁目４－１,35.19382009,136.9107586
1405,楠中学校,クスノキチュウガッコウ,地下式給水栓,名古屋市北区,楠２丁目９５７,35.22823634,136.9224066
1406,前津中学校,マエヅチュウガッコウ,地下式給水栓,名古屋市中区,大須四丁目８－８８,35.15969767,136.9084931
1407,白山中学校,ハクサンチュウガッコウ,地下式給水栓,名古屋市中区,新栄１丁目１５－５６,35.16732395,136.9186414
1408,丸の内中学校,マルノウチチュウガッコウ,地下式給水栓,名古屋市中区,三の丸１丁目９－２,35.17979798,136.8960446
1409,北山中学校,キタヤマチュウガッコウ,地下式給水栓,名古屋市昭和区,鶴舞３丁目９－２３,35.15230959,136.9220881
1410,川名中学校,カワナチュウガッコウ,地下式給水栓,名古屋市昭和区,楽園町９３,35.14939698,136.9575654
1411,円上中学校,エンジョウチュウガッコウ,地下式給水栓,名古屋市昭和区,滝子町１７－１８,35.14163365,136.9229214
1412,駒方中学校,コマガタチュウガッコウ,地下式給水栓,名古屋市昭和区,駒方町３丁目２３,35.1459183,136.9493485
1413,田光中学校,タコウチュウガッコウ,地下式給水栓,名古屋市瑞穂区,内浜町５－１６,35.11497166,136.9181886
1414,瑞穂ヶ丘中学校,ミズホガオカチュウガッコウ,地下式給水栓,名古屋市瑞穂区,高田町３丁目２８,35.13326848,136.9274184
1415,萩山中学校,ハギヤマチュウガッコウ,地下式給水栓,名古屋市瑞穂区,市丘町１丁目４８,35.11998829,136.9461299
1416,汐路中学校,シオジチュウガッコウ,地下式給水栓,名古屋市瑞穂区,御莨町４－１６,35.13424406,136.9411328
1417,津賀田中学校,ツカタチュウガッコウ,地下式給水栓,名古屋市瑞穂区,津賀田町１丁目３８,35.12509123,136.9301305
1418,一色中学校,イッシキチュウガッコウ,地下式給水栓,名古屋市中川区,一色新町１丁目７０１,35.12920687,136.8317764
1419,八幡中学校,ヤワタチュウガッコウ,地下式給水栓,名古屋市中川区,元中野町２丁目１１,35.13746532,136.8809899
1420,はとり中学校,ハトリチュウガッコウ,地下式給水栓,名古屋市中川区,服部２丁目１７０１,35.14838497,136.8146723
1421,助光中学校,スケミツチュウガッコウ,地下式給水栓,名古屋市中川区,助光３丁目２０１,35.13401536,136.8286818
1422,供米田中学校,クマイデンチュウガッコウ,地下式給水栓,名古屋市中川区,供米田２丁目８０２,35.13611024,136.8128255
1423,港南中学校,コウナンチュウガッコウ,地下式給水栓,名古屋市港区,稲永１丁目４－３９,35.08938011,136.8614351
1424,港北中学校,コウホクチュウガッコウ,地下式給水栓,名古屋市港区,港北町２丁目１,35.10982553,136.8593991
1425,東港中学校,トウコウチュウガッコウ,地下式給水栓,名古屋市港区,港楽１丁目７－１６,35.10577412,136.8856631
1426,南陽中学校,ナンヨウチュウガッコウ,地下式給水栓,名古屋市港区,春田野３丁目１２１,35.11272912,136.8161259
1427,宝神中学校,ホウジンチュウガッコウ,地下式給水栓,名古屋市港区,宝神１丁目７７,35.09438172,136.8524715
1428,当知中学校,トウチチュウガッコウ,地下式給水栓,名古屋市港区,当知１丁目６０８,35.1119274,136.8489812
1429,南陽東中学校,ナンヨウヒガシチュウガッコウ,地下式給水栓,名古屋市港区,西茶屋１丁目３５－２,35.10963017,136.8262337
1430,本城中学校,ホンジョウチュウガッコウ,地下式給水栓,名古屋市南区,鳥山町３丁目１,35.09428962,136.933816
1431,守山北中学校,モリヤマキタチュウガッコウ,地下式給水栓,名古屋市守山区,松坂町１１６－１,35.21570223,136.9788043
1432,鳴海中学校,ナルミチュウガッコウ,地下式給水栓,名古屋市緑区,六田２丁目９６,35.0785272,136.9631667
1433,有松中学校,アリマツチュウガッコウ,地下式給水栓,名古屋市緑区,有松町大字桶狭間高根３９－８３,35.06413914,136.9688857
1435,大高中学校,オオダカチュウガッコウ,地下式給水栓,名古屋市緑区,森の里１丁目１０７,35.06081473,136.9409919
1436,鳴子台中学校,ナルコダイチュウガッコウ,地下式給水栓,名古屋市緑区,鳴子町３丁目４０,35.09946862,136.9684299
1437,神沢中学校,カミサワチュウガッコウ,地下式給水栓,名古屋市緑区,神沢２丁目１２０１,35.09662814,136.9845778
1438,扇台中学校,オウギダイチュウガッコウ,地下式給水栓,名古屋市緑区,徳重１丁目１２０１,35.09068917,136.9987779
1439,神の倉中学校,カミノクラチュウガッコウ,地下式給水栓,名古屋市緑区,白土１２０１,35.10077941,137.0207775
1440,滝ノ水中学校,タキノミズチュウガッコウ,地下式給水栓,名古屋市緑区,滝ノ水３丁目６０２,35.08721986,136.9763638
1441,左京山中学校,サキョウヤマチュウガッコウ,地下式給水栓,名古屋市緑区,左京山１４０７,35.06893488,136.9613959
1442,鎌倉台中学校,カマクラダイチュウガッコウ,地下式給水栓,名古屋市緑区,鎌倉台２丁目４０２,35.07387128,136.9845656
1443,高針台中学校,タカバリダイチュウガッコウ,地下式給水栓,名古屋市名東区,勢子坊３丁目８０１,35.1610091,137.0175404
1444,牧の池中学校,マキノイケチュウガッコウ,地下式給水栓,名古屋市名東区,梅森坂１丁目２５０４,35.14548652,137.0177287
1445,香流中学校,カナレチュウガッコウ,地下式給水栓,名古屋市名東区,猪子石原２丁目１３０１,35.19441944,136.9909226
1446,天白中学校,テンパクチュウガッコウ,地下式給水栓,名古屋市天白区,池場５丁目１０１４,35.11984858,136.9825738
1447,御幸山中学校,ミユキヤマチュウガッコウ,地下式給水栓,名古屋市天白区,御幸山１００１,35.13123758,136.9732079
1448,南天白中学校,ミナミテンパクチュウガッコウ,地下式給水栓,名古屋市天白区,笹原町１０１,35.11288999,136.960907
1449,植田中学校,ウエダチュウガッコウ,地下式給水栓,名古屋市天白区,植田本町１丁目７０２,35.13771549,136.9919011
1450,原中学校,ハラチュウガッコウ,地下式給水栓,名古屋市天白区,原４丁目１９０２－１,35.11996456,136.9942333
1464,猪高中学校,イタカチュウガッコウ,地下式給水栓,名古屋市名東区,丁田町３３,35.17820481,137.0059726
1465,神丘中学校,カミオカチュウガッコウ,地下式給水栓,名古屋市名東区,神丘町１丁目１８,35.15747508,136.9997507
1466,藤森中学校,フジモリチュウガッコウ,地下式給水栓,名古屋市名東区,小池町６６,35.18007325,137.0175748
1484,瑞穂公園（野球場）,ミズホコウエン（ヤキュウジョウ）,仮設給水栓,名古屋市瑞穂区,豊岡通・山下通,35.12514546,136.9414713
1524,笈瀬中学校,オイセチュウガッコウ,地下式給水栓,名古屋市中村区,佐古前町5-4,35.1796807,136.870966
1525,志段味中学校,シダミチュウガッコウ,地下式給水栓,名古屋市守山区,下志段味一丁目１３０９番地,35.24422491,137.0199065
1526,森孝中学校,モリタカチュウガッコウ,地下式給水栓,名古屋市守山区,四軒家二丁目405,35.19264745,137.0135629
1604,南光中学校,ナンコウチュウガッコウ,地下式給水栓,名古屋市南区,浜田町４丁目１１９,35.08730496,136.9253471
1624,北中学校,キタチュウガッコウ,地下式給水栓,名古屋市北区,中味鋺２丁目６５６,35.22045084,136.9239212
1625,大曽根中学校,オオゾネチュウガッコウ,地下式給水栓,名古屋市北区,上飯田東町２－１００,35.20538195,136.936948
1626,若葉中学校,ワカバチュウガッコウ,地下式給水栓,名古屋市北区,石園町２丁目１６,35.19514329,136.9269262
1627,北陵中学校,ホクリョウチュウガッコウ,地下式給水栓,名古屋市北区,志賀町２丁目１２,35.20047863,136.9125172
1628,志賀中学校,シガチュウガッコウ,地下式給水栓,名古屋市北区,中丸町3丁目2-1,35.20536921,136.9042192
1629,黄金中学校,コガネチュウガッコウ,地下式給水栓,名古屋市中村区,権現通4-28,35.16355878,136.8707517
1630,御田中学校,ミタチュウガッコウ,地下式給水栓,名古屋市中村区,岩塚町２丁目１０,35.15599407,136.8497766
1631,日比津中学校,ヒビツチュウガッコウ,地下式給水栓,名古屋市中村区,高道町2-2-36,35.18203571,136.8637485
1632,伊勢山中学校,イセヤマチュウガッコウ,地下式給水栓,名古屋市中区,正木三丁目２－２１,35.14770355,136.8964191
1633,一柳中学校,イチヤナギチュウガッコウ,地下式給水栓,名古屋市中川区,中郷四丁目235,35.13455755,136.848316
1634,長良中学校,ナガラチュウガッコウ,地下式給水栓,名古屋市中川区,大畑町1-3-1,35.13316373,136.8663316
1635,昭和橋中学校,ショウワバシチュウガッコウ,地下式給水栓,名古屋市中川区,八剱町1-9,35.12616315,136.8828069
1636,港明中学校,コウメイチュウガッコウ,地下式給水栓,名古屋市港区,港明一丁目1-38,35.11098935,136.8913223
1637,明豊中学校,メイホウチュウガッコウ,地下式給水栓,名古屋市南区,豊二丁目３９番３号,35.10951316,136.9150095
1638,新郊中学校,シンコウチュウガッコウ,地下式給水栓,名古屋市南区,呼続四丁目４番８号,35.10775895,136.9311005
1639,桜田中学校,サクラダチュウガッコウ,地下式給水栓,名古屋市南区,中江一丁目４番５２号,35.10637899,136.9447928
1640,大江中学校,オオエチュウガッコウ,地下式給水栓,名古屋市南区,道徳新町5-48,35.10301767,136.9087427
1641,名南中学校,メイナンチュウガッコウ,地下式給水栓,名古屋市南区,三吉町5-43,35.07191635,136.9180272
1642,大森中学校,オオモリチュウガッコウ,地下式給水栓,名古屋市守山区,大森一丁目2601番地,35.20291685,136.9947596
1643,守山東中学校,モリヤマヒガシチュウガッコウ,地下式給水栓,名古屋市守山区,小幡五丁目7-3番地,35.20376966,136.9815269
1644,守山西中学校,モリヤマニシチュウガッコウ,地下式給水栓,名古屋市守山区,新守町５８番地,35.20723597,136.9535417
1645,守山中学校,モリヤマチュウガッコウ,地下式給水栓,名古屋市守山区,大屋敷１３－６３,35.20277612,136.9674609
1646,吉根中学校,キッコチュウガッコウ,地下式給水栓,名古屋市守山区,笹ヶ根２－１０２,35.23282839,137.0029496
1684,桜山中学校,サクラヤマチュウガッコウ,地下式給水栓,名古屋市昭和区,池端町１－１５,35.14379946,136.9306504
1685,東陵中学校,トウリョウチュウガッコウ,地下式給水栓,名古屋市緑区,東陵1353番地,35.07108764,136.9721334
1686,久方中学校,ヒサカタチュウガッコウ,地下式給水栓,名古屋市天白区,久方三丁目１６３,35.10472934,136.9820306
1687,振甫中学校,シンポチュウガッコウ,地下式給水栓,名古屋市千種区,北千種1-7-1,35.18001718,136.9421618
1688,東星中学校,トウセイチュウガッコウ,地下式給水栓,名古屋市千種区,星が丘山手105,35.16091651,136.9795787
1724,富田公園,トミタコウエン,仮設給水栓,名古屋市中川区,富田町大字春田字鍋鶴,35.14728073,136.8129538
1725,万場大橋緑地,マンバオオハシリョクチ,仮設給水栓,名古屋市中川区,伏屋一丁目,35.14418881,136.8300566
1784,東撞木公園,ヒガシシュモクコウエン,仮設給水栓,名古屋市東区,代官町一丁目,35.179088,136.925243
1785,北江公園,キタエコウエン,仮設給水栓,名古屋市中川区,北江町三丁目,35.126944,136.866282
1804,西柳公園,ニシヤナギコウエン,仮設給水栓,名古屋市中村区,名駅四丁目,35.169075,136.887384
1844,白川公園（北東）,シラカワコウエン（ホクトウ）,仮設給水栓,名古屋市中区,栄二丁目,35.16522,136.90175
1845,荒子公園（南西）,アラココウエン（ナンセイ）,仮設給水栓,名古屋市中川区,荒子二丁目,35.137814,136.857202
1846,白水公園（北東）,ハクスイコウエン（ホクトウ）,仮設給水栓,名古屋市南区,白水町,35.076284,136.905249
1885,甚目寺小学校,ジモクジショウガッコウ,地下式給水栓,あま市,甚目寺寺西４０,35.195135,136.820729
1886,甚目寺南中学校,ジモクジミナミチュウガッコウ,地下式給水栓,あま市,本郷八尻６,35.189452,136.829331
1887,大治小学校,オオハルショウガッコウ,地下式給水栓,海部郡大治町,堀之内南二反畑６０６,35.175639,136.820955
1888,大治西小学校,オオハルニシショウガッコウ,地下式給水栓,海部郡大治町,大字西條字松下１００,35.180895,136.812755
1925,新川小学校,シンカワショウガッコウ,地下式給水栓,清須市,須ケ口1239,35.199759,136.852495
1926,西枇杷島小学校,ニシビワジマショウガッコウ,地下式給水栓,清須市,西枇杷島町住吉1,35.198585,136.864781
1927,古城小学校,コジョウショガッコウ,地下式給水栓,清須市,西枇杷島町城並2丁目2-1,35.208884,136.870946
1928,清洲小学校,キヨスショウガッコウ,地下式給水栓,清須市,清洲1013,35.214281,136.838095
1929,星の宮小学校,ホシノミヤショウガッコウ,地下式給水栓,清須市,阿原神門125,35.209335,136.856885
1930,大治南小学校,オオハルミナミショウガッコウ,地下式給水栓,海部郡大治町,砂子勇八前320,35.166494,136.818334
1931,甚目寺南小学校,ジモクジミナミショウガッコウ,地下式給水栓,あま市,中萱津西ノ川40,35.188066,136.829905
1932,甚目寺西小学校,ジモクジニシショウガッコウ,地下式給水栓,あま市,新居屋三反通11,35.198343,136.815645
1933,甚目寺東小学校,ジモクジヒガシショウガッコウ,地下式給水栓,あま市,西今宿六反割60-1,35.202736,136.825297
1934,清洲中学校,キヨスチュウガッコウ,地下式給水栓,清須市,一場695,35.220648,136.843433
1935,新川中学校,シンカワチュウガッコウ,地下式給水栓,清須市,須ケ口750,35.203601,136.846843
1936,大治中学校,オオハルチュウガッコウ,地下式給水栓,海部郡大治町,堀之内半之返791,35.176047,136.82683
1937,甚目寺中学校,ジモクジチュウガッコウ,地下式給水栓,あま市,甚目寺二伴田76,35.199516,136.82193
1985,上志段味小学校,カミシダミショウガッコウ,地下式給水栓,名古屋市守山区,上志段味大塚,35.25139,137.042302
1986,西枇杷島中学校,ニシビワジマチュウガッコウ,地下式給水栓,清須市,清須市西枇杷島町七畝割3-1,35.2004856,136.8592671
1987,清洲東小学校,キヨスヒガシショウガッコウ,地下式給水栓,清須市,清須市清洲2576,35.2131335,136.8420365
1988,桃栄小学校,トウエイショウガッコウ,地下式給水栓,清須市,清須市桃栄二丁目21,35.1970497,136.8404497
2025,森ヶ丘公園,モリガオカコウエン,仮設給水栓,あま市,森四丁目,35.2110557,136.810874
2026,名古屋上下水道総合サービス㈱,ナゴヤジョウゲスイドウソウゴウサービス,仮設給水栓,名古屋市熱田区,一番三丁目,35.1255651,136.8939933
2045,水道会館,スイドウカイカン,仮設給水栓,名古屋市中区,丸の内三丁目,35.17497772,136.9024111
2265,味鋺東公園,アジマヒガシコウエン,仮設給水栓,名古屋市北区,東味鋺二丁目1401,35.22151,136.937227
2300,上下水道局南部営業センター,ジョウゲスイドウキョクナンブエイギョウセンター,常設給水栓,名古屋市緑区,鳴海町小森45-1,35.1010255,136.9519883
